num_leaves,max_depth,learning_rate,objective,metric,boosting,feature_fraction,max_bin,min_data_in_leaf,min_data_in_bin,bagging_freq,random_seed,lambda_l1,lambda_l2,pos_bagging_fraction,neg_bagging_fraction,verbose,num_iterations,early_stopping_round,train_auc,val_auc,hold_out_auc,train_test_diff,n_estimators,score
18,3,0.008620000483824154,binary,auc,gbdt,0.2023424373366332,80,875,55,20,2019,1.0548159896786258,21.582315406596763,0.334393660793853,0.6469877444219001,-1,20000,,0.8437015705525366,0.8468755172433148,0.8428816121872338,-0.0031739466907781955,39,0.29410404402756374
10,6,0.014840106618593335,binary,auc,gbdt,0.23804893725161463,10,225,65,20,2019,3.6168900093502874,4.935724301363598,0.4604625026356767,0.4682924183640632,-1,20000,,0.8330545591900484,0.838689533025685,0.8372455760014307,-0.005634973835636603,28,0.2974565668693387
9,8,0.008993067038505559,binary,auc,gbdt,0.7885074761437973,90,550,55,20,2019,6.797730711591549,6.65367140910586,0.3764564201972691,0.8661714532181494,-1,20000,,0.9485783151653975,0.943954370591677,0.9398870110124081,0.0046239445737205065,5375,0.2658467721552295
19,9,0.008981674500038606,binary,auc,gbdt,0.47485107435272134,70,100,60,20,2019,1.0803578174655326,3.266138460191481,0.3034677629824998,0.8935624813389127,-1,20000,,0.9625396098694338,0.9498658737179555,0.9461677023149146,0.012673736151478265,4928,0.26635451924027526
6,12,0.0068489858810506146,binary,auc,gbdt,0.9079672628578128,60,500,25,20,2019,15.228161636137983,35.30772867362897,0.13817158358033454,0.7921401132114504,-1,20000,,0.9141131020635151,0.916447775093985,0.912255171424579,-0.002334673030469858,3800,0.27290957692290946
4,2,0.014850479999460316,binary,auc,gbdt,0.9952587230913056,40,250,5,20,2019,32.539709410943644,6.366872262392537,0.33696990656874737,0.9377610443931561,-1,20000,,0.9058076368923125,0.9079780185254572,0.9040955176716481,-0.002170381633144758,2520,0.27529278504572624
8,5,0.011324984146369847,binary,auc,gbdt,0.20189873839587774,30,175,95,20,2019,47.511036545678245,24.264233391781755,0.4934921556559322,0.2864062475882355,-1,20000,,0.8343808795979049,0.8374927089320593,0.8341159506325202,-0.0031118293341544367,26,0.2970968881285619
2,5,0.0053816930223240834,binary,auc,gbdt,0.8243611825934627,60,350,45,20,2019,22.77169328313513,11.83691750133639,0.2617858081496018,0.3657326572557009,-1,20000,,0.7760719652232873,0.7730614336399291,0.7748145552582639,0.003010531583358178,44,0.31904939559409345
22,5,0.014105650362904103,binary,auc,gbdt,0.5651527542858329,50,475,15,20,2019,15.820989078362762,7.39558281156355,0.1168833695377429,0.8030449077576642,-1,20000,,0.9167107602053698,0.9177851061619153,0.9134783989319223,-0.0010743459565455415,2061,0.27218641723828546
9,6,0.010478881193661183,binary,auc,gbdt,0.5005894933668507,30,900,35,20,2019,10.40671245879286,11.585325761089809,0.6679587645774017,0.19963127740780567,-1,20000,,0.9280429488255673,0.9291150994680552,0.9238834858959387,-0.0010721506424878902,4786,0.26899802971684467
11,7,0.011611556405060074,binary,auc,gbdt,0.47683626163708137,20,525,40,20,2019,33.26559961063109,37.70691103354983,0.30480899635497616,0.6341284605667927,-1,20000,,0.9016998255133994,0.9041422405683878,0.899817237163258,-0.002442415054988323,2403,0.27647805111433277
15,5,0.010118600852735402,binary,auc,gbdt,0.15051891626395525,80,425,70,20,2019,14.611003831662195,13.099653325095195,0.3283710851083689,0.4334581180852718,-1,20000,,0.8246064974008576,0.8297555826391321,0.8258499598968987,-0.005149085238274509,208,0.30022324861183625
15,10,0.01468241076034748,binary,auc,gbdt,0.26055710094883056,20,375,55,20,2019,30.623796906718887,8.023892084208079,0.9597289793306257,0.9258265817567336,-1,20000,,0.8550013042104351,0.8602592988725998,0.8555009841087113,-0.0052579946621647,32,0.2904895858644238
14,6,0.011191253963403619,binary,auc,gbdt,0.5229364411205507,80,375,65,20,2019,48.584872783928354,35.95202008928944,0.27233920054974486,0.8687212941892121,-1,20000,,0.8924681438772619,0.8937088377933061,0.8907625388927587,-0.0012406939160441999,1265,0.27919785702093275
21,4,0.011695392714871376,binary,auc,gbdt,0.5290518804126632,20,450,45,20,2019,10.774249413429416,10.794838661150413,0.9954234823478146,0.8972981942435417,-1,20000,,0.9344657005696029,0.9309034773421061,0.9261438878790837,0.0035622232274967747,8023,0.26916784383680814
17,9,0.014579693473167371,binary,auc,gbdt,0.5862171438096303,30,800,50,20,2019,23.170815307528287,23.677762515136518,0.24061329651429286,0.1305142318068488,-1,20000,,0.901293658799906,0.904959358922057,0.899841906286623,-0.003665700122151061,1785,0.27657801357067535
9,6,0.00794100826420848,binary,auc,gbdt,0.2590125219916144,90,50,65,20,2019,40.26961290875409,48.608815623263055,0.8189113583888779,0.7115661738744921,-1,20000,,0.9273177290092735,0.9252864233676252,0.9207919208312798,0.002031305641648218,16512,0.2703277274356953
23,11,0.005162567634158453,binary,auc,gbdt,0.10166052123721159,30,25,45,20,2019,45.202601190406575,10.882415504921534,0.33204520259763837,0.26533121019519684,-1,20000,,0.8379091349019012,0.8403559030611801,0.838308263428434,-0.0024467681592789114,15,0.29597680852927516
10,3,0.00805206033369862,binary,auc,gbdt,0.9776856034737008,40,750,10,20,2019,28.125504034251534,39.84619808919507,0.30507971660048916,0.7932893690838377,-1,20000,,0.916446349073182,0.9171666064964435,0.9141928202666373,-0.0007202574232615389,4340,0.2722657296245555
5,11,0.007072551712707216,binary,auc,gbdt,0.821047720123765,60,450,35,20,2019,23.99875178528176,18.122761495917704,0.9496346769406745,0.6661969669987361,-1,20000,,0.9359447346552218,0.9338220247828309,0.9307533818198275,0.0021227098723908266,9761,0.26797106340832183
19,9,0.009231989666968395,binary,auc,gbdt,0.6794947421539523,100,650,85,20,2019,3.1526577093416366,0.1931767281255068,0.6505666944984756,0.9875193542375236,-1,20000,,0.9662877744260008,0.9534644771100573,0.9503707574060715,0.01282329731594345,4561,0.265413278259009
12,8,0.01292995268738904,binary,auc,gbdt,0.6792689125788137,100,650,90,20,2019,5.421297726618595,0.2579166749989188,0.6594746296368389,0.9743146739077319,-1,20000,,0.9626407137560494,0.9520993424449261,0.9492194680562149,0.010541371311123315,5153,0.2651858016877904
12,8,0.01328437851341852,binary,auc,gbdt,0.6808692072046664,100,625,95,20,2019,7.15717303456788,1.622368053033749,0.6588077934049784,0.9732347016237447,-1,20000,,0.9616517721558594,0.9517161166542875,0.9485600055953858,0.009935655501571938,5368,0.26513093800518905
12,8,0.013220891359499165,binary,auc,gbdt,0.3810806843098338,100,1000,95,20,2019,7.673899811150872,28.96516656887037,0.767794812847349,0.996868865028586,-1,20000,,0.8679806794543644,0.8717802394894271,0.8665570218788563,-0.0037995600350626546,23,0.28650835082553233
13,8,0.012823262901227872,binary,auc,gbdt,0.7075124559991794,90,625,80,20,2019,18.89137433488011,2.393763417322781,0.6093658466979802,0.9944920353179215,-1,20000,,0.9491648663782759,0.9434596696677396,0.9392410497969662,0.005705196710536264,4261,0.2662684001793462
7,7,0.012815933967930461,binary,auc,gbdt,0.6620076250921746,100,700,85,20,2019,8.385748160233126,18.526099690824683,0.7707089767175948,0.5197256264834886,-1,20000,,0.9526016678775557,0.9459583292694932,0.9440703865708866,0.006643338608062543,7480,0.26583279152975287
16,10,0.013868208706104447,binary,auc,gbdt,0.36650044664265125,70,625,100,20,2019,17.907923214096453,0.6331330789926684,0.8862298198779262,0.7203786276144273,-1,20000,,0.875174604655459,0.8783229501444586,0.8735742281301324,-0.00314834548899956,24,0.2843312742316944
12,10,0.012015348565698546,binary,auc,gbdt,0.7549010373659399,90,825,75,20,2019,12.120826356960709,30.591795616804603,0.5597416582630023,0.8247164097496856,-1,20000,,0.9513220103132571,0.9449669649762092,0.9413912698775387,0.006355045337047893,5360,0.2660276448767283
13,8,0.013601713142441404,binary,auc,gbdt,0.8948356105347215,70,1000,90,20,2019,1.708556764399915,16.13334802835194,0.721820889040325,0.5723353336284064,-1,20000,,0.9558006886903925,0.9477886183902626,0.9453600783612283,0.008012070300129848,3739,0.2656942067066076
3,7,0.01240539677574641,binary,auc,gbdt,0.6258518088639476,100,575,100,20,2019,5.474069253324232,45.07506964089008,0.4609475747004775,0.7332805886807294,-1,20000,,0.9102273855206956,0.9119626678657621,0.9086028057172844,-0.00173528234506648,3637,0.274027503458607
18,11,0.010857755351498882,binary,auc,gbdt,0.39577422701351017,80,950,75,20,2019,20.416412452650498,0.41229435721530533,0.5672136750285668,0.5936182397999524,-1,20000,,0.8689492185688338,0.8718649196950184,0.8677341103476157,-0.0029157011261846666,26,0.2862301774414027
11,9,0.012409584928104076,binary,auc,gbdt,0.7285303888673929,90,725,90,20,2019,0.36078527107396585,28.542071301890772,0.4054810841599497,0.9429615472884375,-1,20000,,0.950881322975131,0.9450897070163696,0.9408902269210079,0.00579161595876132,3720,0.2658451489002001
14,8,0.009683564934594473,binary,auc,gbdt,0.6250188729816001,90,850,80,20,2019,5.177796528966509,4.474771752915085,0.8694206673879765,0.4686681653427388,-1,20000,,0.9580859195736808,0.9482749480435717,0.945328159656101,0.009810971530109125,5460,0.26603549969534
7,7,0.014190806361102662,binary,auc,gbdt,0.8966450565080069,80,575,95,20,2019,37.76307032354109,21.076914096364934,0.5152157143787651,0.8318387241177438,-1,20000,,0.9330693414223261,0.9321207698785873,0.9282700551974938,0.0009485715437388409,4907,0.26812865268703157
19,9,0.013343961856421211,binary,auc,gbdt,0.7935364995506038,70,250,60,20,2019,12.48159920258021,16.04649950540282,0.6836420953716378,0.7433806112353797,-1,20000,,0.9524110408379474,0.9458869538948427,0.9428770819323956,0.00652408694310469,2860,0.26582079934425784
16,12,0.010646891852068865,binary,auc,gbdt,0.4361353998623064,100,775,85,20,2019,3.3024208146014473,2.7187086147032846,0.7240740594114764,0.9605802154093099,-1,20000,,0.9663650687944418,0.9517568888592648,0.9485377432157637,0.014608179935177046,7059,0.2663464529815769
10,4,0.012218058764727938,binary,auc,gbdt,0.8599098955600113,50,675,75,20,2019,14.293720094124314,5.141860050590952,0.4161073071926604,0.6313609958239894,-1,20000,,0.8553497014722427,0.8589648328273037,0.8537706087338792,-0.0036151313550610853,17,0.2904188841324642
5,10,0.014918975104256988,binary,auc,gbdt,0.9523979875858677,80,300,25,20,2019,0.2540703337448518,6.819326427865136,0.6069020740135357,0.8865944866968017,-1,20000,,0.949107056423407,0.9447391977981527,0.9416333971032373,0.0043678586252542395,5383,0.26556453135799757
21,6,0.012968958797741351,binary,auc,gbdt,0.7561383529157875,100,900,100,20,2019,8.993426244210323,14.575443734956771,0.8582591124817063,0.7559528707048031,-1,20000,,0.9615521835647964,0.9505778845933612,0.948195383918332,0.010974298971435203,4560,0.26571344078682985
8,8,0.009699861345604641,binary,auc,gbdt,0.5778175595688064,70,550,90,20,2019,27.573761790080436,9.74764242995431,0.16366969501601375,0.35335642013585544,-1,20000,,0.9042121307417524,0.9060037092413984,0.9015010185662377,-0.0017915784996459516,2198,0.27575912575308603
17,12,0.014068908797433135,binary,auc,gbdt,0.6529373140843747,60,500,70,20,2019,21.400318251054543,32.44470627461394,0.4939157301741163,0.6778572715763196,-1,20000,,0.9438369839707256,0.9390088160321195,0.9356831928073819,0.004828167938606076,5391,0.26725893509554016
14,4,0.01125644379148258,binary,auc,gbdt,0.3188299531104943,50,150,95,20,2019,17.51669529102841,20.58731545968125,0.6206462248680138,0.5144427330953116,-1,20000,,0.937070687405044,0.9332932555321165,0.9292385053992214,0.0037774318729274503,11228,0.2685603878167767
11,9,0.010191521183769044,binary,auc,gbdt,0.46069859895428783,90,600,60,20,2019,5.891683724208605,26.114838229999453,0.8098540079341018,0.8560295730260739,-1,20000,,0.959252042745077,0.9488323237100637,0.9450027943175371,0.010419719035013375,11143,0.26604362981293417
12,7,0.00655999368144739,binary,auc,gbdt,0.9382994206397044,10,325,25,20,2019,36.292919653744526,8.81576909049448,0.9231170487752784,0.922474899892529,-1,20000,,0.900555567707393,0.9021895319072284,0.9000959351536358,-0.0016339641998354137,3730,0.2768225518617479
2,6,0.01199301668961462,binary,auc,gbdt,0.6117557031434809,40,700,80,20,2019,13.128347584381942,41.15492373762426,0.7222589161653159,0.38623965004674266,-1,20000,,0.8202873960055561,0.8192336776930985,0.82106034173237,0.0010537183124575966,64,0.30246867854468407
8,5,0.014321706852936837,binary,auc,gbdt,0.8350023745087127,80,400,70,20,2019,26.849790431440116,13.128043346741418,0.45473782751230646,0.777103359705177,-1,20000,,0.9343479617874674,0.9330237006178917,0.9294272586798406,0.0013242611695756246,3285,0.2679787648348389
15,2,0.013686666572816222,binary,auc,gbdt,0.7057552525168865,100,925,55,20,2019,16.326869777507714,2.425350128515305,0.5411629612189617,0.16276686012962033,-1,20000,,0.9247808780578308,0.9248232725275799,0.9210101273722165,-4.2394469749074126e-05,5460,0.26992100941183683
10,10,0.014977707641700996,binary,auc,gbdt,0.5040249894348197,60,525,90,20,2019,10.233802268960368,6.243647681148335,0.6884476208566488,0.9115227661498257,-1,20000,,0.9533767685550073,0.945881642941182,0.9426370826203722,0.00749512561382526,6819,0.2660787009505199
4,3,0.011540068030598923,binary,auc,gbdt,0.5405269871910121,90,775,50,20,2019,44.39060793164392,49.760897360864334,0.646673027865212,0.2414869278899911,-1,20000,,0.9160149965274715,0.916612963593248,0.9115521527721095,-0.0005979670657764169,6427,0.2723897578310449
6,11,0.008620922645796785,binary,auc,gbdt,0.7699913680223991,80,850,20,20,2019,25.476370093226897,23.559190111200106,0.3786754044085253,0.9767677988626084,-1,20000,,0.9310036520862415,0.9304017363168047,0.9267317497135608,0.0006019157694368005,6756,0.26851337972816286
